Bin,Total_Inventory,Avg_Age_Days
WV-SReturns,91.0,0.5
 KWE-SR101 ,6.0,0.5
 KWE-SR107 ,24.0,0.5
AG01,744035.0,0.5
AG01 - Check Stock!,361.0,0.5
BE02R10,10.0,0.5
BF05L10,50.0,0.5
BF06L00,1.0,0.5
BF07L20 - Check Stock!,20.0,0.5
BFR-DIS-KWE,219.0,0.5
BFR-DIS-MUT,1.0,0.5
WRK-SW101,12.0,0.5
WRK-SV109,2.0,0.5
WRK-SV106,2.0,0.5
WRK-SV105,3.0,0.5
WRK-SV104,3.0,0.5
WRK-SV103,3114.0,0.5
WRK-SV102,12.0,0.5
WRK-SV101,3.0,0.5
WRK-SUPPRETURNS,1.0,0.5
WRK-SU105,39.0,0.5
WRK-SU104,27.0,0.5
WRK-SU103,22.0,0.5
WRK-SS105,125.0,0.5
WRK-SS104,11.0,0.5
WRK-SS103,3.0,0.5
WRK-SS102,7.0,0.5
BG13R00,60.0,0.5
BG13L10,4.0,0.5
BG12L04,50.0,0.5
BG11R15,10.0,0.5
BG11R10,20.0,0.5
BG11L15,60.0,0.5
BG11L10,60.0,0.5
BG10R00,120.0,0.5
BG10L10,280.0,0.5
BG09R10,240.0,0.5
BG08R10,160.0,0.5
BG08R00,60.0,0.5
BG08L10,60.0,0.5
BG07R15,168.0,0.5
BG07R10,300.0,0.5
BG07R00,180.0,0.5
BH09L00,5.0,0.5
BH08R20,340.0,0.5
BH08L10,25.0,0.5
BH07R10,1.0,0.5
BH07L10,20.0,0.5
BG18R04,30.0,0.5
BG18R02 - Check Stock!,3.0,0.5
BG18R02,3.0,0.5
BG18L10,20.0,0.5
BG16L20,310.0,0.5
BG15R10,50.0,0.5
BG15R00 - Check Stock!,1.0,0.5
BG15L15,120.0,0.5
BG14R10,60.0,0.5
BG14R04,30.0,0.5
BG14L10,50.0,0.5
BH18R20,72.0,0.5
BH18R10,96.0,0.5
BH18L10,12.0,0.5
BH18L00,120.0,0.5
BH17R10,10.0,0.5
BH17R00,20.0,0.5
BH17L10,31.0,0.5
BH16L10,100.0,0.5
BH15L00,20.0,0.5
BH14L60 - Check Stock!,1780.0,0.5
BH12L10,24.0,0.5
BH10L60 - Check Stock!,4.0,0.5
BH10L20,5.0,0.5
BH10L10,35.0,0.5
BH09R10,15.0,0.5
BH09L10,50.0,0.5
BJ14L00,3000.0,0.5
BJ13R10,900.0,0.5
BJ13R00,500.0,0.5
BJ11R10,7000.0,0.5
BJ11L20,24875.0,0.5
BJ10R00,12680.0,0.5
BJ03R10,4501.0,0.5
BJ02R10,16.0,0.5
BJ02L10,1250.0,0.5
BI18R00,15.0,0.5
BI16R30,280.0,0.5
BI15L00,5.0,0.5
BI13L20,1.0,0.5
BI10R50 - Check Stock!,30.0,0.5
BI02L70,40.0,0.5
BI02L10,1.0,0.5
BYO-AB76-6,30.0,0.5
BYO-AB76-5,6.0,0.5
BYO-AB76-12,61.0,0.5
BYO-AB76-11,69.0,0.5
BYO-AB76-10,30.0,0.5
BYO-AA76-8,10.0,0.5
BYO-AA76-2,16.0,0.5
BYO-AA76-12,8.0,0.5
BYO-A-TRANS-WEDNESDAY,8232.0,0.5
BYO-A-TRANS-TUESDAY,27967.0,0.5
BK17R00,14825.0,0.5
BK01L00,10.0,0.5
BJ18L00 - Check Stock!,5.0,0.5
BJ14R10,600.0,0.5
BJ14R00,1450.0,0.5
BJ14L07,5700.0,0.5
BYO-BC76-5,21.0,0.5
BYO-BC76-4,58.0,0.5
BYO-BC76-3,20.0,0.5
BYO-BC76-2,10.0,0.5
BYO-BC76-10,7.0,0.5
BYO-BA76-7,26.0,0.5
BYO-BA76-6,6.0,0.5
BYO-BA76-5,15.0,0.5
BYO-BA76-4,5.0,0.5
BYO-BA76-3,4.0,0.5
BYO-BA76-12,25.0,0.5
BYO-BA76-10,9.0,0.5
BYO-BA14-2,223.0,0.5
BYO-ABDSP102,1.0,0.5
BYO-AB76-9,20.0,0.5
BYO-AB76-7,51.0,0.5
BYO-BSKB-8,477.0,0.5
BYO-BSKB-7,20.0,0.5
BYO-BSKB-6,127.0,0.5
BYO-BSKB-5,10.0,0.5
BYO-BSKB-2,145.0,0.5
BYO-BSKA-9,149.0,0.5
BYO-BSKA-8,193.0,0.5
BYO-BSKA-7,10.0,0.5
BYO-BSKA-6,140.0,0.5
BYO-BSKA-5,728.0,0.5
BYO-BSKA-4,296.0,0.5
BYO-BSKA-3,190.0,0.5
BYO-BSKA-2,187.0,0.5
BYO-BROOMDSP,8.0,0.5
BYO-BC76-8,5.0,0.5
BYO-BC76-6,2.0,0.5
BYO-CB76-10,5.0,0.5
BYO-BWC-1,156.0,0.5
BYO-BWA-2,12095.0,0.5
BYO-BWA-1,628.0,0.5
BYO-BW2-76,70.0,0.5
BYO-BUYOUT,510.0,0.5
BYO-BT108,235.0,0.5
BYO-BSKD-3,60.0,0.5
BYO-BSKD-2,4581.0,0.5
BYO-BSKC-9,40.0,0.5
BYO-BSKC-8,100.0,0.5
BYO-BSKC-7,583.0,0.5
BYO-BSKC-5,70.0,0.5
BYO-BSKC-4,240.0,0.5
BYO-BSKC-3,40.0,0.5
BYO-BSKC-1,52.0,0.5
BYO-DE76-12,16.0,0.5
BYO-DC76-5,10.0,0.5
BYO-CHAINDSP,41.0,0.5
BYO-CDDSP,2481.0,0.5
BYO-CD76-8,5.0,0.5
BYO-CD76-6,10.0,0.5
BYO-CD76-5,15809.0,0.5
BYO-CD76-3,891.0,0.5
BYO-CD76-2,177.0,0.5
BYO-CD76-12,104.0,0.5
BYO-CD76-11,5.0,0.5
BYO-CD76-10,198.0,0.5
BYO-CBDSP,174.0,0.5
BYO-CB76-9,16.0,0.5
BYO-CB76-8,1.0,0.5
BYO-CB76-2,1.0,0.5
BYO-EF76-10,5.0,0.5
BYO-EF76-1,46.0,0.5
BYO-ED76-5,29.0,0.5
BYO-ED76-4,15.0,0.5
BYO-ED76-3,358.0,0.5
BYO-ED76-2,1.0,0.5
BYO-ED76-12,614.0,0.5
BYO-ED76-11,4.0,0.5
BYO-DULUX,254.0,0.5
BYO-DIS-MSE,32.0,0.5
BYO-DIS-GWE,10.0,0.5
BYO-DE76-9,20.0,0.5
BYO-DE76-8,68.0,0.5
BYO-DE76-7,20.0,0.5
BYO-DE76-6,131.0,0.5
BYO-DE76-4,24.0,0.5
BYO-ELEC102-C,39.0,0.5
BYO-ELEC102-B,70.0,0.5
BYO-ELEC102-A,22.0,0.5
BYO-ELEC101-H,31.0,0.5
BYO-ELEC101-F,18.0,0.5
BYO-ELEC101-E,37.0,0.5
BYO-ELEC101-A,44.0,0.5
BYO-ELEC-103,4.0,0.5
BYO-EF76-9,20.0,0.5
BYO-EF76-8,125.0,0.5
BYO-EF76-7,35.0,0.5
BYO-EF76-6,14.0,0.5
BYO-EF76-5,175.0,0.5
BYO-EF76-4,19.0,0.5
BYO-EF76-3,77.0,0.5
BYO-EF76-2,56.0,0.5
BYO-ELEC106-E,50.0,0.5
BYO-ELEC106-D,1.0,0.5
BYO-ELEC106-A,32.0,0.5
BYO-ELEC105-H,10.0,0.5
BYO-ELEC105-F,70.0,0.5
BYO-ELEC105-E,10.0,0.5
BYO-ELEC105-D,41.0,0.5
BYO-ELEC105-C,20.0,0.5
BYO-ELEC105-B,10.0,0.5
BYO-ELEC105-A,50.0,0.5
BYO-ELEC104-D,9.0,0.5
BYO-ELEC104-C,3.0,0.5
BYO-ELEC103-D,70.0,0.5
BYO-ELEC103-C,3.0,0.5
BYO-ELEC102-G,200.0,0.5
BYO-ELEC102-D,32.0,0.5
BYO-FG76-2,118.0,0.5
BYO-FG76-12,1.0,0.5
BYO-FG76-10,12.0,0.5
BYO-FE76-1,3.0,0.5
BYO-ELUX-5,26.0,0.5
BYO-ELUX-4,90.0,0.5
BYO-ELUX-2,95.0,0.5
BYO-ELUX-1,379.0,0.5
BYO-ELECDSP-5,15.0,0.5
BYO-ELECDSP-4,1.0,0.5
BYO-ELECDSP-3,20.0,0.5
BYO-ELECDSP-2,60.0,0.5
BYO-ELEC108-A,3.0,0.5
BYO-ELEC107-G,8.0,0.5
BYO-ELEC107-D,7.0,0.5
BYO-ELEC107-C,3.0,0.5
BYO-OUT-CABLE,905.0,0.5
BYO-NEGSTOCK,149.0,0.5
BYO-MSE-EXP,32.0,0.5
BYO-MEZ-FLOOR,12.0,0.5
BYO-JOJO,428.0,0.5
BYO-ISSUES101,1.0,0.5
BYO-GWE-EXP,10.0,0.5
BYO-GARD-24B,217.0,0.5
BYO-GARD-24A,684.0,0.5
BYO-GARD-14-B,104.0,0.5
BYO-FLR-DSPB,1.0,0.5
BYO-FLR-DSPA,399.0,0.5
BYO-FLR-DSP,20472.0,0.5
BYO-FG76-9,4.0,0.5
BYO-FG76-8,57.0,0.5
BYO-FG76-4,218.0,0.5
BYO-PLUMB-24-BW,600.0,0.5
BYO-PLTABLE-5,7.0,0.5
BYO-PLTABLE-4,2.0,0.5
BYO-PLTABLE-2,1.0,0.5
BYO-PLTABLE-1,2.0,0.5
BYO-PLGAL2,5064.0,0.5
BYO-PLGAL1,7192.0,0.5
BYO-PLDSP-3,440.0,0.5
BYO-PLDSP-2,1375.0,0.5
BYO-PLCOMP,2491.0,0.5
BYO-PLCAP,9292.0,0.5
BYO-PLAS101,72.0,0.5
BYO-OUT-GEYSER,2.0,0.5
BYO-OUT-FRAMES,112.0,0.5
BYO-OUT-FENCING,183.0,0.5
BYO-OUT-DISPATCH,412.0,0.5
BYO-RETBIN,2.0,0.5
BYO-RESERVED-TIMB,996.0,0.5
BYO-RESERVED,4.0,0.5
BYO-RA101,6572.0,0.5
BYO-PUMPS,34.0,0.5
BYO-PUMPDSP,100.0,0.5
BYO-PLUMBC-1,21.0,0.5
BYO-PLUMBB-4,16.0,0.5
BYO-PLUMBB-3,15.0,0.5
BYO-PLUMBB-1,10.0,0.5
BYO-PLUMBA-5,237.0,0.5
BYO-PLUMBA-4,178.0,0.5
BYO-PLUMBA-2,134.0,0.5
BYO-PLUMBA-1,357.0,0.5
BYO-PLUMB-MEZ-24B,678.0,0.5
BYO-PLUMB-DSP,1.0,0.5
BYO-SNK-32,1.0,0.5
BYO-SNK-28,29.0,0.5
BYO-SNK-24,79.0,0.5
BYO-SNK-18,15.0,0.5
BYO-SNK-17,15.0,0.5
BYO-SNK-14,12.0,0.5
BYO-SNK-12,1.0,0.5
BYO-SNK-11,3.0,0.5
BYO-SNK-10,5.0,0.5
BYO-SHADE101,150.0,0.5
BYO-SCM-GIT2,6774.0,0.5
BYO-SCM TICKETS,1.0,0.5
BYO-RVIC01,1.0,0.5
BYO-RMSE01,37.0,0.5
BYO-RKWE01,1.0,0.5
BYO-RGWE01,12.0,0.5
BYO-TIMB-A101,9511.0,0.5
BYO-TILL2,24897.0,0.5
BYO-TILES,50.0,0.5
BYO-TILEDSP,328.0,0.5
BYO-TFS101,42.0,0.5
BYO-SWH PIPES,3814.0,0.5
BYO-STLF101,25.0,0.5
BYO-STLC101,1.0,0.5
BYO-STLB101,20000.0,0.5
BYO-STIHL,34.0,0.5
BYO-STEEL-TRANSIT1,427.0,0.5
BYO-SReturns,259.0,0.5
BYO-SNK-5,128.0,0.5
BYO-SNK-41,1.0,0.5
BYO-SNK-40,35.0,0.5
BYO-SNK-38,107.0,0.5
CB18R00,15.0,0.5
CB17L00,126.0,0.5
CB14L10,1000.0,0.5
CB13R00,90.0,0.5
CB08L00 - Check Stock!,9.0,0.5
CB05R20,48.0,0.5
CA14L00,36.0,0.5
CA08L00,7.0,0.5
BYO-TReturns,58.0,0.5
BYO-TRET101,5.0,0.5
BYO-TIMB-RET101,7597.0,0.5
BYO-TIMB-RECOVERY101,4.0,0.5
BYO-TIMB-MIT101,96.0,0.5
BYO-TIMB-G101,2627.0,0.5
BYO-TIMB-DOORS101,50.0,0.5
BYO-TIMB-B101,899.0,0.5
CC-HD004,300.0,0.5
CC-HD001,300.0,0.5
CC-HC003,1199.0,0.5
CC-HB002,1800.0,0.5
CC-HB001,450.0,0.5
CC-HA004,300.0,0.5
CC-HA001,450.0,0.5
CC-FA003,10.0,0.5
CC-EA001,11.0,0.5
CC-DIS-WRK,4.0,0.5
CC-DIS-SMZ,11.0,0.5
CC-DIS-PMA,853.0,0.5
CC-DA002,60.0,0.5
CC-CB003,30.0,0.5
CC-AB001,10.0,0.5
CC-AA001,1.0,0.5
CC07R00,38.0,0.5
CC06L00 - Check Stock!,7.0,0.5
CC03L00,3.0,0.5
CC02L05,2.0,0.5
CC01L05,1.0,0.5
CC-SReturns,23.0,0.5
CC-PUT-WED,1312.0,0.5
CC-PUT-TUE,1747.0,0.5
CC-PUT-THUR,96.0,0.5
CC-PUT-MON,336.0,0.5
CC-PUT-FRI,512.0,0.5
CC-PAC-WRK,4.0,0.5
CC-PAC-SMZ,11.0,0.5
CC-PAC-PMA,853.0,0.5
CC-IA003,1838.0,0.5
CC-HE001,838.0,0.5
CD15R00,10.0,0.5
CD11L20,150.0,0.5
CD10L10,150.0,0.5
CD09L10,3.0,0.5
CC15L10,150.0,0.5
CC15L00,4.0,0.5
CC14R10,6.0,0.5
CC14L00,10.0,0.5
CC13R00,17.0,0.5
CC13L10 - Check Stock!,200.0,0.5
CC13L10,430.0,0.5
CC12R00,8.0,0.5
CC11L00,30.0,0.5
CC10R20,93.0,0.5
CC09R20 - Check Stock!,95.0,0.5
CC09R20,95.0,0.5
CF15L20,160.0,0.5
CF15L10,4.0,0.5
CE26R00,3.0,0.5
CE20R00,30.0,0.5
CE19L10,39.0,0.5
CE19L00,2622.0,0.5
CE16L00,45.0,0.5
CE14L00,90.0,0.5
CE06L00,150.0,0.5
CD23R10,225.0,0.5
CD22L00,21.0,0.5
CD21L00,5.0,0.5
CD20L00,4.0,0.5
CD19R00,5.0,0.5
CD18L20,84.0,0.5
CD16R05,2.0,0.5
CH15L00,55.0,0.5
CH14R00 - Check Stock!,20.0,0.5
CH13R00,6.0,0.5
CH12R00,14.0,0.5
CH08L00 - Scrap,4.0,0.5
CH08L00,4.0,0.5
CH06R00,1.0,0.5
CH02L00,1.0,0.5
CG26R10,400.0,0.5
CG26L15,120.0,0.5
CG26L10,125.0,0.5
CG25R00,300.0,0.5
CG17L10,64.0,0.5
CG15R10,4.0,0.5
CG13L10,4.0,0.5
CF23R00,1.0,0.5
CI10L00,27.0,0.5
CI09R05,21.0,0.5
CI09R00,56.0,0.5
CI09L05,18.0,0.5
CI08L00,20.0,0.5
CI07R00,290.0,0.5
CI07L05,94.0,0.5
CI06R00,24.0,0.5
CI05R05,6.0,0.5
CI03L10,2.0,0.5
CI03L00,12.0,0.5
CI01L05,6.0,0.5
CH24L00,2000.0,0.5
CH17L00,8.0,0.5
CH16R00,10.0,0.5
CH16L00,3.0,0.5
CI23L00,28.0,0.5
CI22L10,46.0,0.5
CI21R05,42.0,0.5
CI21R00,17.0,0.5
CI20L00,3010.0,0.5
CI19L05,24.0,0.5
CI17L05,10.0,0.5
CI17L00,4.0,0.5
CI15R05,18.0,0.5
CI15R00,20.0,0.5
CI15L05,6.0,0.5
CI13R00 - Check Stock!,25.0,0.5
CI13R00,25.0,0.5
CI12L00,48.0,0.5
CI11L05 - Check Stock!,83.0,0.5
CI11L05,1.0,0.5
DA08L00,39.0,0.5
CJ23R10,20.0,0.5
CJ22L00,13460.0,0.5
CJ21R10,24.0,0.5
CJ19L00 - Check Stock!,10.0,0.5
CJ19L00,10.0,0.5
CJ18L10,30.0,0.5
CJ17L00,8.0,0.5
CJ11R00,3230.0,0.5
CJ11L00,268.0,0.5
CJ09L00,132.0,0.5
CJ08L00,31600.0,0.5
CJ07R20,40.0,0.5
CJ04L05,30.0,0.5
CJ02L05 - Blocked,4000.0,0.5
CJ02L05,4001.0,0.5
DC10L10,148.0,0.5
DC09L00,5.0,0.5
DC08L00,55.0,0.5
DC07R20,84.0,0.5
DC06R00,2.0,0.5
DC06L00,12.0,0.5
DC04R20,25.0,0.5
DC04R00 - Check Stock!,1.0,0.5
DC04R00,18.0,0.5
DC02L00,5.0,0.5
DC01L20,57.0,0.5
DC01L10,72.0,0.5
DB09R30 - Check Stock!,7.0,0.5
DB09R30,7.0,0.5
DB02L00,1.0,0.5
DAMAGES,6.0,0.5
DD15R00 - Check Stock!,28.0,0.5
DD15R00,100.0,0.5
DD13R00,30.0,0.5
DD12L00,5.0,0.5
DD09R10,251.0,0.5
DD07L00,3.0,0.5
DD05L00,9.0,0.5
DD04R00,8.0,0.5
DD04L00,9.0,0.5
DD03L00,8.0,0.5
DC15R00 - Blocked,15.0,0.5
DC15R00,458.0,0.5
DC12R00,15.0,0.5
DC11R20,1050.0,0.5
DC11L00,4.0,0.5
DC10R00,1.0,0.5
DEW-QUERY1,12.0,0.5
DEW-PUT-WED,5482.0,0.5
DEW-PUT-TUE,529.0,0.5
DEW-PUT-THUR,3608.0,0.5
DEW-PB120,3.0,0.5
DEW-PB102,130.0,0.5
DEW-PB101,289.0,0.5
DEW-NEGSTOCK,31.0,0.5
DEW-GTOU,250.0,0.5
DE15R00,60.0,0.5
DE08R00 - Check Stock!,6.0,0.5
DE07R00 - Check Stock!,1.0,0.5
DE07L10 - Inspect,1.0,0.5
DE03L20,12.0,0.5
DD16R00,30.0,0.5
DD16L00,269.0,0.5
DEW-SH107,7.0,0.5
DEW-SH106,15.0,0.5
DEW-SF116,1.0,0.5
DEW-SF114,5.0,0.5
DEW-SF101,4.0,0.5
DEW-SE103,5.0,0.5
DEW-SE102,10.0,0.5
DEW-SE101,25.0,0.5
DEW-SD101,20.0,0.5
DEW-SC110,6.0,0.5
DEW-SC109,12.0,0.5
DEW-SB118,10.0,0.5
DEW-RA105,3865.0,0.5
DEW-RA104,2973.0,0.5
DEW-RA103,1043.0,0.5
DEW-RA101,414.0,0.5
DEW-SK115,19.0,0.5
DEW-SK114,14.0,0.5
DEW-SK111,30.0,0.5
DEW-SK109,20.0,0.5
DEW-SK101,19.0,0.5
DEW-SJ117,20.0,0.5
DEW-SJ110,11.0,0.5
DEW-SJ108,5.0,0.5
DEW-SJ105,18.0,0.5
DEW-SJ102,10.0,0.5
DEW-SJ101,20.0,0.5
DEW-SH118,12.0,0.5
DEW-SH117,6.0,0.5
DEW-SH112,1.0,0.5
DEW-SH110,2.0,0.5
DEW-SH109,2.0,0.5
DEW-SP104,1.0,0.5
DEW-SN118,10.0,0.5
DEW-SN117,10.0,0.5
DEW-SN116,6.0,0.5
DEW-SN115,54.0,0.5
DEW-SN113,10.0,0.5
DEW-SN111,10.0,0.5
DEW-SM109,1.0,0.5
DEW-SM108,2.0,0.5
DEW-SM107,1.0,0.5
DEW-SM106,1.0,0.5
DEW-SM105,3.0,0.5
DEW-SL118,10.0,0.5
DEW-SK118,61.0,0.5
DEW-SK117,21.0,0.5
DEW-SK116,41.0,0.5
DEW-SX101,1005.0,0.5
DEW-SW120,24.0,0.5
DEW-SW115,10.0,0.5
DEW-SV104,10.0,0.5
DEW-SV103,10.0,0.5
DEW-SU116,99.0,0.5
DEW-SU113,3.0,0.5
DEW-SU110,32.0,0.5
DEW-SU109,91.0,0.5
DEW-SU103,157.0,0.5
DEW-SU101,90.0,0.5
DEW-ST112,940.0,0.5
DEW-ST109,498.0,0.5
DEW-ST101,19.0,0.5
DEW-SReturns,64.0,0.5
DEW-SP106,500.0,0.5
DH07R00,192.0,0.5
DH07L00,8.0,0.5
DH06R00,8.0,0.5
DH06L00,158.0,0.5
DG14L10,20.0,0.5
DG13R10,20.0,0.5
DG05R30 - Inspect,2000.0,0.5
DF07L10 - Check Stock!,90.0,0.5
DEW-SZ124,9.0,0.5
DEW-SZ122,4.0,0.5
DEW-SY104,63.0,0.5
DEW-SX108,14.0,0.5
DEW-SX107,248.0,0.5
DEW-SX106,126.0,0.5
DEW-SX103,5.0,0.5
DEW-SX102,12.0,0.5
DH13R10 - Check Stock!,6.0,0.5
DH13R00,4.0,0.5
DH12R10,40.0,0.5
DH12R00,8.0,0.5
DH12L20 - Inspect,1.0,0.5
DH12L10,242.0,0.5
DH11L10,25.0,0.5
DH11L00,620.0,0.5
DH10R10,8.0,0.5
DH10L10,720.0,0.5
DH10L00,96.0,0.5
DH09R00,60.0,0.5
DH09L00,12.0,0.5
DH08R10,36.0,0.5
DH08R00,94.0,0.5
DH08L10,6.0,0.5
DI06L00,28.0,0.5
DI05R00,59.0,0.5
DI05L10,31.0,0.5
DI05L00,8.0,0.5
DI02L00,10.0,0.5
DI01L10 - Check Stock!,8.0,0.5
DH16R20,39.0,0.5
DH16R10,653.0,0.5
DH16R00,120.0,0.5
DH16L10,6.0,0.5
DH16L00,96.0,0.5
DH15R00,70.0,0.5
DH15L00,16.0,0.5
DH14L20 - Check Stock!,5.0,0.5
DH14L10,60.0,0.5
DH14L00,24.0,0.5
DJ05L00,4.0,0.5
DI15R10,112.0,0.5
DI15R00,80.0,0.5
DI14R00,864.0,0.5
DI14L10,16.0,0.5
DI13R00,1940.0,0.5
DI12L10,17.0,0.5
DI11R10,3.0,0.5
DI11R00,40.0,0.5
DI11L10,51.0,0.5
DI11L00,8.0,0.5
DI10R00,20.0,0.5
DI09R00,8.0,0.5
DI09L00,22.0,0.5
DI08L10,6.0,0.5
DI07L10,26.0,0.5
EA09L10,60.0,0.5
EA02L00,36.0,0.5
EA01R00 - Check Stock!,46.0,0.5
EA01R00,46.0,0.5
EA01L00 - Inspect,1.0,0.5
EA01L00,350.0,0.5
DOD-WRK,1.0,0.5
DOD-PMA,18.0,0.5
DOD-MSE,11.0,0.5
DJ16L00,37.0,0.5
DJ13R00,50.0,0.5
DJ11R10,16.0,0.5
DJ10L00,738.0,0.5
DJ09R10,8.0,0.5
DJ07R20,29.0,0.5
DJ07L20,27.0,0.5
EC12L00 - Inspect,2.0,0.5
EC11L10 - Inspect,203.0,0.5
EC10L00,572.0,0.5
EC09L00,145.0,0.5
EC08R00,144.0,0.5
EC08L00,144.0,0.5
EC07R20 - Check Stock!,90.0,0.5
EC07R20,90.0,0.5
EC05R00,144.0,0.5
EC01R00,576.0,0.5
EC01L00,144.0,0.5
EB07R05,10.0,0.5
EA13R00,20.0,0.5
EA11L10,90.0,0.5
EA09L20,60.0,0.5
EA09L10 - Check Stock!,60.0,0.5
FIN-TEKA3,397.4,0.5
FIN-TEKA1,72.0,0.5
FD26R00,2.0,0.5
FD26L00,9.0,0.5
FD24R00,20.0,0.5
FD24L10,90.0,0.5
FD22R00,40.0,0.5
FD22L00,90.0,0.5
FD20L20,4.0,0.5
FD18R00,5.0,0.5
FD18L20,30.0,0.5
FD16L10,5.0,0.5
FD16L00,40.0,0.5
FD12L10,210.0,0.5
FD04R00,98.0,0.5
ELECDSP,184.0,0.5
GTOU-COG,13.0,0.5
GE05L00,21.0,0.5
GE03R00,20.0,0.5
GC08L00,20.0,0.5
GC05R10,5.0,0.5
GC05L10,10.0,0.5
GA18L00,5.0,0.5
GA13L10,8.0,0.5
GA12R00,30.0,0.5
GA11L20,112.0,0.5
GA11L10,59.0,0.5
GA10L10,32.0,0.5
GA08R00,30.0,0.5
GA07L10,10.0,0.5
GA01R00,104075.0,0.5
FMS - PA,4572.0,0.5
GWE-GardC101,5.0,0.5
GWE-GardB107,5.0,0.5
GWE-GardB105,1.0,0.5
GWE-GardA106,17.0,0.5
GWE-GardA105,20.0,0.5
GWE-GardA101,70.0,0.5
GWE-Dum-3,20.0,0.5
GWE-Clearance,43.0,0.5
GWE-BFR101,470.0,0.5
GWE-BA101,7.0,0.5
GWE-AGED,3.0,0.5
GTOU-SCM OFFICE,1.0,0.5
GTOU-RYOBI,4.0,0.5
GTOU-PPE,11.0,0.5
GTOU-PACK-REC,1.0,0.5
GTOU-MAINT,133.0,0.5
GWE-SB102,1.0,0.5
GWE-SA102,2.0,0.5
GWE-SA101,102.0,0.5
GWE-RESERVED STOCK,169.0,0.5
GWE-RBYO01,22.0,0.5
GWE-RA104,2945.0,0.5
GWE-RA103,368.0,0.5
GWE-RA101,5707.0,0.5
GWE-PLASCON103,1.0,0.5
GWE-PLASCON102,38.0,0.5
GWE-PLASCON101,11.0,0.5
GWE-PAKG101,6.0,0.5
GWE-OT101,6991.0,0.5
GWE-OO101,4638.0,0.5
GWE-NEGSTOCK,369.0,0.5
GWE-INTERNAL QUERIES,86.0,0.5
GWE-SELEC113,390.0,0.5
GWE-SELEC111,142.0,0.5
GWE-SELEC109,2.0,0.5
GWE-SELEC106,12.0,0.5
GWE-SELEC105,10.0,0.5
GWE-SELEC104,2.0,0.5
GWE-SELEC103,19.0,0.5
GWE-SELEC102,8.0,0.5
GWE-SELEC101,44.0,0.5
GWE-SE102,1.0,0.5
GWE-SDUL104,18.0,0.5
GWE-SDUL102,34.0,0.5
GWE-SDUL101,15.0,0.5
GWE-SDSP102,517.0,0.5
GWE-SD104,1.0,0.5
GWE-SCERAMIC101,126.0,0.5
GWE-SK101,66.0,0.5
GWE-SG107,6.0,0.5
GWE-SG102,1.0,0.5
GWE-SF104,1.0,0.5
GWE-SELEC141,2.0,0.5
GWE-SELEC138,16.0,0.5
GWE-SELEC136,42.0,0.5
GWE-SELEC134,35.0,0.5
GWE-SELEC133,134.0,0.5
GWE-SELEC132,15.0,0.5
GWE-SELEC127,1.0,0.5
GWE-SELEC125,6.0,0.5
GWE-SELEC123,5.0,0.5
GWE-SELEC121,131.0,0.5
GWE-SELEC119,40.0,0.5
GWE-SELEC116,1.0,0.5
HA09R00,1017.0,0.5
HA09L00,19.0,0.5
HA07R10,338.0,0.5
HA07R00,22.0,0.5
HA04R10,12.0,0.5
GWE-Sreturns,96.0,0.5
GWE-STILE 101,11.0,0.5
GWE-SR101,6.0,0.5
GWE-SPOWDERS,300.0,0.5
GWE-SPL105,89.0,0.5
GWE-SPL104,4.0,0.5
GWE-SM101,1.0,0.5
GWE-SL102,93.0,0.5
GWE-SL101,5.0,0.5
GWE-SK106,1.0,0.5
GWE-SK102,100.0,0.5
HD13L00 - Check Stock!,30.0,0.5
HD13L00,10.0,0.5
HD01R00,3.0,0.5
HC20R00,45.0,0.5
HC20L00 - Check Stock!,50.0,0.5
HC20L00,120.0,0.5
HC19L00,50.0,0.5
HC18R00,68.0,0.5
HC11L00,42.0,0.5
HC03L10,1.0,0.5
HB06L00 - Check Stock!,1.0,0.5
HA14R00,17.0,0.5
HA12R00,58.0,0.5
HA12L00,86.0,0.5
HA11L00,47.0,0.5
HA10L00,24.0,0.5
IF06R10,10.0,0.5
IF05R10,20.0,0.5
IF05R00,20.0,0.5
IF04L00,20.0,0.5
IF01L20,15600.0,0.5
IF01L10,50.0,0.5
IE04L00,60.0,0.5
IE01L10,30.0,0.5
ID06L10,400.0,0.5
ID03R10,12.0,0.5
ID01L10,30.0,0.5
IB14L10,5.0,0.5
IB13L00,20.0,0.5
IB01L00,2.0,0.5
IA06L10,60.0,0.5
IA01L00,8880.0,0.5
IH16L20,15.0,0.5
IH10L10,15.0,0.5
IH04L20,50.0,0.5
IH04L00,50.0,0.5
IH02L30 - Check Stock!,10.0,0.5
IH02L30,10.0,0.5
IH01L30,5.0,0.5
IH01L10,21.0,0.5
IG04L00,1050.0,0.5
IG02R10,95.0,0.5
IG02R00,400.0,0.5
IG02L00,110.0,0.5
IG01R10,500.0,0.5
IG01R00,1454.0,0.5
IF07R10,40.0,0.5
IF07L00,120.0,0.5
II19L00,20.0,0.5
II18L30,5.0,0.5
II18L20,35.0,0.5
II18L10,5.0,0.5
II16L00,130.0,0.5
II14L20,35.0,0.5
II14L00,100.0,0.5
II13L10,2.0,0.5
II06L10,50.0,0.5
II05L30,25.0,0.5
II04L10,50.0,0.5
II03L20,120.0,0.5
II02L10,30.0,0.5
II01L10,1.0,0.5
IH18L30,10.0,0.5
IH18L10,5.0,0.5
IJ08L00,185.0,0.5
IJ06L00,5.0,0.5
II26L20,5.0,0.5
II26L10,70.0,0.5
II26L00,120.0,0.5
II25L30,5.0,0.5
II25L00,215.0,0.5
II24L30,60.0,0.5
II24L20,130.0,0.5
II23L30,5.0,0.5
II22L20,15.0,0.5
II22L10,10.0,0.5
II21L20,150.0,0.5
II20L30,10.0,0.5
II20L10,5.0,0.5
II19L20,110.0,0.5
KWE-BRS107,33.0,0.5
KWE-BRS105,1092.0,0.5
KWE-BRS104,47.0,0.5
KWE-BRS103,344.0,0.5
KWE-BRS102,51.0,0.5
KWE-BRS101,105.0,0.5
KWE-BREAKAGES,19.0,0.5
KWE-AUTO103,9.0,0.5
KWE-AUTO102,26.0,0.5
KWE-AUTO101,15.0,0.5
KWE-ADH103,12.0,0.5
KWE-ADH102,43.0,0.5
KWE-ADH101,707.0,0.5
INS-BPACK-HOD,325.0,0.5
IJ18L00,5.0,0.5
IJ14L00,970.0,0.5
KWE-ELE107,20.0,0.5
KWE-ELE106,55.0,0.5
KWE-ELE105,102.0,0.5
KWE-ELE102,374.0,0.5
KWE-ELE101,5763.0,0.5
KWE-DUN103,4.0,0.5
KWE-DUN102,5.0,0.5
KWE-DUL103,110.0,0.5
KWE-DUL102,74.0,0.5
KWE-DUL101,95.0,0.5
KWE-DOR101,103.0,0.5
KWE-DIS-SMZ,60.0,0.5
KWE-DIS-MUT,8.0,0.5
KWE-DIS-MSE,12.0,0.5
KWE-DF101,86.0,0.5
KWE-BRS108,3.0,0.5
KWE-NEGSTOCK,417.0,0.5
KWE-MUT-EXP,8.0,0.5
KWE-MSE-EXP,12.0,0.5
KWE-JOJO101,23.0,0.5
KWE-INTERNAL QUERIES,60.0,0.5
KWE-HBT103,6.0,0.5
KWE-HBT102,4.0,0.5
KWE-HBT101,102.0,0.5
KWE-GAR105,27.0,0.5
KWE-GAR104,12.0,0.5
KWE-GAR103,17.0,0.5
KWE-GAR102,88.0,0.5
KWE-GAR101,21.0,0.5
KWE-FB101,18000.0,0.5
KWE-ELE109,1.0,0.5
KWE-ELE108,20.0,0.5
KWE-PLUM107,69.0,0.5
KWE-PLUM106,90.0,0.5
KWE-PLUM105,12.0,0.5
KWE-PLUM104,1140.0,0.5
KWE-PLUM103,412.0,0.5
KWE-PLUM102,290.0,0.5
KWE-PLUM101,329.0,0.5
KWE-NEWSITERA104,18456.0,0.5
KWE-NEWSITERA101,28735.0,0.5
KWE-NEWSITE TRANSIT 1,250.0,0.5
KWE-NEWSITE TICKETS,6.0,0.5
KWE-NEWSITE ROP101,31.0,0.5
KWE-NEWSITE RESERVE,200.0,0.5
KWE-NEWSITE PUT-WED,12905.0,0.5
KWE-NEWSITE INVESTIGATIONS,22.0,0.5
KWE-NEWSITE BREAKAGES,1.0,0.5
KWE-SAN102,2.0,0.5
KWE-RTLM01,397.4,0.5
KWE-RGWE01,1.0,0.5
KWE-RETBIN,30.0,0.5
KWE-RA101,54.0,0.5
KWE-PVC103,27.0,0.5
KWE-PPE107,190.0,0.5
KWE-PPE106,30.0,0.5
KWE-PPE105,6.0,0.5
KWE-PPE103,20.0,0.5
KWE-PPE102,4.0,0.5
KWE-PPE101,17.0,0.5
KWE-POW103,52.0,0.5
KWE-POO101,1.0,0.5
KWE-PLUM123,1.0,0.5
KWE-PLUM108,870.0,0.5
KWE-SReturns,32.0,0.5
KWE-SRC107,1054.0,0.5
KWE-SRC106,257.0,0.5
KWE-SRC105,591.0,0.5
KWE-SRC104,110.0,0.5
KWE-SRC103,46.0,0.5
KWE-SRC102,53.0,0.5
KWE-SRC101,161.0,0.5
KWE-SNK115,36.0,0.5
KWE-SNK109,1.0,0.5
KWE-SNK108,50.0,0.5
KWE-SNK104,12.0,0.5
KWE-SNK103,5.0,0.5
KWE-SNK101,2783.0,0.5
KWE-SMZ-EXP,60.0,0.5
KWE-SK109,1.0,0.5
KWE-TOL104,15.0,0.5
KWE-TOL103,5.0,0.5
KWE-TOL102,221.0,0.5
KWE-TOL101,8.0,0.5
KWE-TIM109,2620.0,0.5
KWE-TIM107,847.0,0.5
KWE-TIM106,822.0,0.5
KWE-TIM105,473.0,0.5
KWE-TIM104,1100.0,0.5
KWE-TIM103,474.0,0.5
KWE-TIM102,378.0,0.5
KWE-TIM101,1054.0,0.5
KWE-TIL102,48.0,0.5
KWE-TIL101,11.0,0.5
KWE-TFS101,80.0,0.5
KWE-STL103,118.0,0.5
MAR-RA108,2824.0,0.5
MAR-RA101,252.0,0.5
MAR-PUT-WED,2426.0,0.5
MAR-OE101,635.0,0.5
MAR-OC101,18.0,0.5
MAR-OB101,350.0,0.5
MAR-OA101,467.99,0.5
MAR-NEGSTOCK,1911.0,0.5
MAR-MEZ Shelf 01,122.0,0.5
MAR-Lighting Display,87.0,0.5
MAR-GTOU,629.0,0.5
MAR-Dum-2,32.0,0.5
MAR-DIS-BYO,2.0,0.5
MAR-Breakages,4.0,0.5
MAR-BYO-EXP,2.0,0.5
MAR-BFR101,51.0,0.5
MAR-SCM TICKETS.,2.0,0.5
MAR-SB109,3.0,0.5
MAR-SB104,50.0,0.5
MAR-SA113,6604.0,0.5
MAR-SA111,48.0,0.5
MAR-SA110,21.0,0.5
MAR-SA109,13.0,0.5
MAR-SA108,1.0,0.5
MAR-SA107,1.0,0.5
MAR-SA106,3.0,0.5
MAR-SA105,1.0,0.5
MAR-SA103,2.0,0.5
MAR-SA102,1.0,0.5
MAR-Reserved,56.0,0.5
MAR-Rebin,353.0,0.5
MAR-RMSE01,5.0,0.5
MAR-SG110,7.0,0.5
MAR-SG109,2.0,0.5
MAR-SG108,6.0,0.5
MAR-SG106,6.0,0.5
MAR-SG105,65.0,0.5
MAR-SG104,19.0,0.5
MAR-SFL16,514.0,0.5
MAR-SFL15,194.5,0.5
MAR-SFL06,236.0,0.5
MAR-SFL05,11.0,0.5
MAR-SFL01,2.0,0.5
MAR-SF108,2.0,0.5
MAR-SF105,5.0,0.5
MAR-SF102,6.0,0.5
MAR-SE110,12.0,0.5
MAR-SE105,8.0,0.5
MAR-SL112,126.0,0.5
MAR-SL108,2.0,0.5
MAR-SK112,2.0,0.5
MAR-SK110,126.0,0.5
MAR-SK107,6.0,0.5
MAR-SK106,24.0,0.5
MAR-SK105,11.0,0.5
MAR-SK104,13.0,0.5
MAR-SK103,21.0,0.5
MAR-SK101,12.0,0.5
MAR-SJ101,81.0,0.5
MAR-SH110,6.0,0.5
MAR-SH109,12.0,0.5
MAR-SH104,14.0,0.5
MAR-SH102,5.0,0.5
MAR-SH101,14.0,0.5
MAR-SMA131,10.0,0.5
MAR-SMA130,20.0,0.5
MAR-SMA129,10.0,0.5
MAR-SMA128,40.0,0.5
MAR-SMA121,16.0,0.5
MAR-SMA118,214.0,0.5
MAR-SMA117,100.0,0.5
MAR-SMA116,104.0,0.5
MAR-SMA115,30.0,0.5
MAR-SMA114,162.0,0.5
MAR-SMA113,45.0,0.5
MAR-SMA109,54.0,0.5
MAR-SMA106,30.0,0.5
MAR-SMA105,160.0,0.5
MAR-SMA104,20.0,0.5
MAR-SL113,31.0,0.5
MAR-SMC129,72.0,0.5
MAR-SMC122,8.0,0.5
MAR-SMC119,49.0,0.5
MAR-SMC118,20.0,0.5
MAR-SMC116,2323.0,0.5
MAR-SMC112,13.0,0.5
MAR-SMC111,12.0,0.5
MAR-SMC110,4.0,0.5
MAR-SMC108,41.0,0.5
MAR-SMC105,3.0,0.5
MAR-SMB106,527.0,0.5
MAR-SMB104,63.0,0.5
MAR-SMB103,2.0,0.5
MAR-SMB101,3609.0,0.5
MAR-SMA137,59.0,0.5
MAR-SMA135,38.0,0.5
MAR-SV102,21.0,0.5
MAR-SV101,90.0,0.5
MAR-SU103,2.0,0.5
MAR-SU101,2.0,0.5
MAR-SReturns,218.0,0.5
MAR-SQ108,6.0,0.5
MAR-SQ107,1.0,0.5
MAR-SQ105,1.0,0.5
MAR-SQ104,2.0,0.5
MAR-SQ103,1.0,0.5
MAR-SQ101,1.0,0.5
MAR-SP112,31.0,0.5
MAR-SP104,2.0,0.5
MAR-SO109,12.0,0.5
MAR-SO106,6.0,0.5
MAR-SMC136,2.0,0.5
MAS-SA102,286.0,0.5
MAS-SA101,730.0,0.5
MAS-RESERVED,21.0,0.5
MAS-RA101,147.0,0.5
MAS-PUT-WED,1291.0,0.5
MAS-NEGSTOCK,802.0,0.5
MAS-BF105,80.0,0.5
MAS-BA110,10.0,0.5
MAS-BA104,50.0,0.5
MAS-BA101,20.0,0.5
MAS -SH101,60.0,0.5
MAR-TFS101,2.0,0.5
MAR-SZ101,405.3,0.5
MAR-SX101,4228.0,0.5
MAR-SV108,5.0,0.5
MAR-SV103,7.0,0.5
MAS-SC108,3.0,0.5
MAS-SC101,223.0,0.5
MAS-SB105,172.0,0.5
MAS-SB104,12.0,0.5
MAS-SB103,60.0,0.5
MAS-SA116,105.0,0.5
MAS-SA114,1.0,0.5
MAS-SA113,1.0,0.5
MAS-SA112,215.0,0.5
MAS-SA111,7336.0,0.5
MAS-SA110,1869.0,0.5
MAS-SA108,267.0,0.5
MAS-SA106,1092.0,0.5
MAS-SA105,140.0,0.5
MAS-SA104,108.0,0.5
MAS-SA103,1421.0,0.5
MAS-SM101,7.0,0.5
MAS-SL101,460.0,0.5
MAS-SK101,144.0,0.5
MAS-SJ101,138.0,0.5
MAS-SI106,25.0,0.5
MAS-SI103,17.0,0.5
MAS-SI102,1.0,0.5
MAS-SH101,1160.0,0.5
MAS-SG105,75.0,0.5
MAS-SG104,61.0,0.5
MAS-SG101,40.0,0.5
MAS-SF105,477.0,0.5
MAS-SF102,29.0,0.5
MAS-SE103,31.0,0.5
MAS-SD104,21.0,0.5
MAS-SD101,65.0,0.5
MAS-SW101,15.0,0.5
MAS-SV101,653.0,0.5
MAS-SU101,6932.6,0.5
MAS-ST105,2707.0,0.5
MAS-ST104,93.0,0.5
MAS-ST103,5.0,0.5
MAS-ST101,424.0,0.5
MAS-SS102,22.0,0.5
MAS-SS101,41.0,0.5
MAS-SRet,208.0,0.5
MAS-SR104,164.0,0.5
MAS-SR102,63.0,0.5
MAS-SP102,242.0,0.5
MAS-SP101,165.0,0.5
MAS-SN104,526.0,0.5
MAS-SN102,169.0,0.5
MSE-BFR101,194.0,0.5
MSE-BCG003,10.0,0.5
MSE-BCG001,1.0,0.5
MSE-ADH001,4654.0,0.5
MSE- BRK OBSLT,3.0,0.5
MSE SL118,151.0,0.5
MSE SL115,308.0,0.5
MSE SL110,1.0,0.5
MSE SL109,3.0,0.5
MSE SCM-TICKETS,34.0,0.5
MAS-SZ105,59.0,0.5
MAS-SZ103,254.0,0.5
MAS-SZ102,860.0,0.5
MAS-SZ101,902.0,0.5
MAS-SY101,16.0,0.5
MAS-SW102,638.0,0.5
MSE-GC017,2.0,0.5
MSE-GC015,8.0,0.5
MSE-GC011,40.0,0.5
MSE-GC009,2.0,0.5
MSE-GC008,8.0,0.5
MSE-GC006,78.0,0.5
MSE-GC005,7.0,0.5
MSE-GC003,6.0,0.5
MSE-GC001,11.0,0.5
MSE-FRD4,46.0,0.5
MSE-FRD2,1.0,0.5
MSE-FRD105,34.0,0.5
MSE-FRD103,1.0,0.5
MSE-FRD102,11.0,0.5
MSE-FRD1,11.0,0.5
MSE-DIS01-IS,481.0,0.5
MSE-GO03,24.0,0.5
MSE-GO02,13.0,0.5
MSE-GO01,756.4,0.5
MSE-GF03,17.0,0.5
MSE-GF01,8.0,0.5
MSE-GC109,20.0,0.5
MSE-GC105,10.0,0.5
MSE-GC104,3.0,0.5
MSE-GC103,9.0,0.5
MSE-GC101,58.0,0.5
MSE-GC050,3.0,0.5
MSE-GC048,3.0,0.5
MSE-GC045,5.0,0.5
MSE-GC044,4.0,0.5
MSE-GC043,21.0,0.5
MSE-GC025,5.0,0.5
MSE-SB006,2.0,0.5
MSE-SB005,4.0,0.5
MSE-SA103,1.0,0.5
MSE-RESERVED,180.0,0.5
MSE-RBYO01,37.0,0.5
MSE-RA104,40.0,0.5
MSE-RA103,2343.0,0.5
MSE-RA102,17358.0,0.5
MSE-RA101,5339.0,0.5
MSE-PUT-WED,3826.0,0.5
MSE-PUT-TUE,21694.0,0.5
MSE-PUT-MON,252.0,0.5
MSE-NEGSTOCK,3854.48,0.5
MSE-MEZ Shelf,1407.0,0.5
MSE-GO08,52.0,0.5
MSE-GO04,13.0,0.5
MSE-SB116,10.0,0.5
MSE-SB114,11.0,0.5
MSE-SB113,11.0,0.5
MSE-SB108,3.0,0.5
MSE-SB107,2.0,0.5
MSE-SB106,5.0,0.5
MSE-SB103,5.0,0.5
MSE-SB028,32.0,0.5
MSE-SB025,6.0,0.5
MSE-SB024,50.0,0.5
MSE-SB023,10.0,0.5
MSE-SB017,6.0,0.5
MSE-SB016,5.0,0.5
MSE-SB009,5.0,0.5
MSE-SB008,5.0,0.5
MSE-SB007,36.0,0.5
MSE-SD046,5.0,0.5
MSE-SD045,15.0,0.5
MSE-SD042,34.0,0.5
MSE-SD033,19.0,0.5
MSE-SD030,12.0,0.5
MSE-SCM-EXP,18.0,0.5
MSE-SC020,2.0,0.5
MSE-SC018,5.0,0.5
MSE-SC016,2.0,0.5
MSE-SC013,708.0,0.5
MSE-SC012,122.0,0.5
MSE-SC011,3.0,0.5
MSE-SC009,12.0,0.5
MSE-SC008,30.0,0.5
MSE-SC001,2.0,0.5
MSE-SB117,6.0,0.5
MSE-SF119,2.0,0.5
MSE-SF117,2.0,0.5
MSE-SF116,16.0,0.5
MSE-SF115,29.0,0.5
MSE-SF114,1.0,0.5
MSE-SF113,11.0,0.5
MSE-SF112,26.0,0.5
MSE-SF110,29.0,0.5
MSE-SF108,6.0,0.5
MSE-SF106,41.0,0.5
MSE-SF105,21.0,0.5
MSE-SF104,12.0,0.5
MSE-SF101,10.0,0.5
MSE-SF012,94.0,0.5
MSE-SD117,5.0,0.5
MSE-SD048,5.0,0.5
MSE-SF221,14.0,0.5
MSE-SF219,17.0,0.5
MSE-SF218,20.0,0.5
MSE-SF216,149.0,0.5
MSE-SF214,403.0,0.5
MSE-SF213,6.0,0.5
MSE-SF210,10.0,0.5
MSE-SF209,28.0,0.5
MSE-SF206,200.0,0.5
MSE-SF205,12.0,0.5
MSE-SF204,16.0,0.5
MSE-SF203,6.0,0.5
MSE-SF201,4.0,0.5
MSE-SF124,5.0,0.5
MSE-SF122,14.0,0.5
MSE-SF121,9.0,0.5
MSE-SH009,12.0,0.5
MSE-SH004,46.0,0.5
MSE-SH003,6.0,0.5
MSE-SH002,5.0,0.5
MSE-SH001,50.0,0.5
MSE-SG112,5.0,0.5
MSE-SG106,1.0,0.5
MSE-SG012,136.0,0.5
MSE-SG011,17.0,0.5
MSE-SG006,5.0,0.5
MSE-SG005,65.0,0.5
MSE-SG004,53.0,0.5
MSE-SG003,23.0,0.5
MSE-SG002,28.0,0.5
MSE-SG001,41.0,0.5
MSE-SF224,10.0,0.5
MSE-SI108,63.0,0.5
MSE-SI107,54.0,0.5
MSE-SI106,10.0,0.5
MSE-SI105,24.0,0.5
MSE-SI104,10.0,0.5
MSE-SI103,9.0,0.5
MSE-SI102,15.0,0.5
MSE-SI101,76.0,0.5
MSE-SI011,23.0,0.5
MSE-SI010,29.0,0.5
MSE-SI009,56.0,0.5
MSE-SI008,27.0,0.5
MSE-SI007,71.0,0.5
MSE-SI005,35.0,0.5
MSE-SI002,10.0,0.5
MSE-SH011,10.0,0.5
MSE-SJ103,166.0,0.5
MSE-SJ102,18.0,0.5
MSE-SJ101,250.0,0.5
MSE-SJ012,21.0,0.5
MSE-SJ011,38.0,0.5
MSE-SJ010,29.0,0.5
MSE-SJ009,35.0,0.5
MSE-SJ008,19.0,0.5
MSE-SJ007,57.0,0.5
MSE-SJ005,19.0,0.5
MSE-SJ004,105.0,0.5
MSE-SJ003,10.0,0.5
MSE-SJ002,21.0,0.5
MSE-SJ001,25.0,0.5
MSE-SI112,11.0,0.5
MSE-SI109,106.0,0.5
MSE-SK104,1.0,0.5
MSE-SK012,6.0,0.5
MSE-SK010,2.0,0.5
MSE-SK009,4.0,0.5
MSE-SK005,24.0,0.5
MSE-SK004,44.0,0.5
MSE-SK003,17.0,0.5
MSE-SK002,3.0,0.5
MSE-SJ112,98.0,0.5
MSE-SJ111,4.0,0.5
MSE-SJ110,20.0,0.5
MSE-SJ108,10.0,0.5
MSE-SJ107,9.0,0.5
MSE-SJ106,20.0,0.5
MSE-SJ105,64.0,0.5
MSE-SJ104,58.0,0.5
MSE-SL119,1.0,0.5
MSE-SL117,1.0,0.5
MSE-SL114,90.0,0.5
MSE-SL111,27.0,0.5
MSE-SL108,399.0,0.5
MSE-SL106,10.0,0.5
MSE-SL104,182.0,0.5
MSE-SL103,10.0,0.5
MSE-SL017,3.0,0.5
MSE-SL016,2.0,0.5
MSE-SL011,9.0,0.5
MSE-SK110,20.0,0.5
MSE-SK109,47.0,0.5
MSE-SK108,11.0,0.5
MSE-SK107,5.0,0.5
MSE-SK105,1.0,0.5
MSE-SN015,80.0,0.5
MSE-SN012,36.0,0.5
MSE-SN010,98.0,0.5
MSE-SN006,18.0,0.5
MSE-SN005,25.0,0.5
MSE-SN004,112.0,0.5
MSE-SN003,70.0,0.5
MSE-SN002,82.0,0.5
MSE-SM011,6.0,0.5
MSE-SM007,10.0,0.5
MSE-SM006,18.0,0.5
MSE-SM005,28.0,0.5
MSE-SM001,1.0,0.5
MSE-SL123,14670.0,0.5
MSE-SL122,28.0,0.5
MSE-SL120,7870.0,0.5
MSE-SN116,20.0,0.5
MSE-SN112,20.0,0.5
MSE-SN109,10.0,0.5
MSE-SN108,76.0,0.5
MSE-SN107,163.0,0.5
MSE-SN106,98.0,0.5
MSE-SN105,26.0,0.5
MSE-SN104,1080.0,0.5
MSE-SN102,809.0,0.5
MSE-SN026,48.0,0.5
MSE-SN025,20.0,0.5
MSE-SN023,607.0,0.5
MSE-SN022,12.0,0.5
MSE-SN019,797.0,0.5
MSE-SN017,624.0,0.5
MSE-SN016,69.0,0.5
MSE-SP109,72.0,0.5
MSE-SP108,1027.0,0.5
MSE-SP107,10461.0,0.5
MSE-SP106,48.0,0.5
MSE-SP105,786.0,0.5
MSE-SP103,10.0,0.5
MSE-SP102,1.0,0.5
MSE-SP101,1.0,0.5
MSE-SO007,198.0,0.5
MSE-SO006,71.0,0.5
MSE-SO003,977.0,0.5
MSE-SN124,282.0,0.5
MSE-SN123,86.0,0.5
MSE-SN121,268.0,0.5
MSE-SN120,570.0,0.5
MSE-SN117,50.0,0.5
MSE-ST010,20.0,0.5
MSE-ST009,20.0,0.5
MSE-ST008,30.0,0.5
MSE-ST007,55.0,0.5
MSE-ST006,30.0,0.5
MSE-SS028,30.0,0.5
MSE-SS013,23782.0,0.5
MSE-SS007,149.0,0.5
MSE-SS004,5.0,0.5
MSE-SS003,50.0,0.5
MSE-SS002,101.0,0.5
MSE-SReturns,386.0,0.5
MSE-SQ019,6.0,0.5
MSE-SQ018,2.0,0.5
MSE-SQ017,1.0,0.5
MSE-SP110,218.0,0.5
MUT-BYO-EXP,22.0,0.5
MSE-TS07,280.0,0.5
MSE-TS05,235.0,0.5
MSE-TS04,816.0,0.5
MSE-TS03,263.0,0.5
MSE-TS02,259.0,0.5
MSE-TS01,2227.0,0.5
MSE-SU004,36.0,0.5
MSE-SU003,465.0,0.5
MSE-SU002,293.0,0.5
MSE-SU001,58.0,0.5
MSE-ST018,133.0,0.5
MSE-ST017,71.0,0.5
MSE-ST014,6.0,0.5
MSE-ST012,789.0,0.5
MSE-ST011,80.0,0.5
MUT-MBA140,11.0,0.5
MUT-MBA101,42.0,0.5
MUT-MB124,23.0,0.5
MUT-MB122,58.0,0.5
MUT-MB114,1.0,0.5
MUT-MB113,60.0,0.5
MUT-MB112,16.0,0.5
MUT-MB111,20.0,0.5
MUT-MB110,16.0,0.5
MUT-MB105,12.0,0.5
MUT-MB103,20.0,0.5
MUT-MB101,885.0,0.5
MUT-MAR-EXP,31.0,0.5
MUT-MA108,2.0,0.5
MUT-MA105,1.0,0.5
MUT-DIS-MAR,1.0,0.5
MUT-MC116,171.0,0.5
MUT-MC115,211.0,0.5
MUT-MC113,151.0,0.5
MUT-MC112,10.0,0.5
MUT-MC111,40.0,0.5
MUT-MC110,39.0,0.5
MUT-MC109,121.0,0.5
MUT-MC108,239.0,0.5
MUT-MC107,199.0,0.5
MUT-MC105,254.0,0.5
MUT-MC104,131.0,0.5
MUT-MC103,11.0,0.5
MUT-MC101,10.0,0.5
MUT-MBZ101,251.0,0.5
MUT-MBY101,9.0,0.5
MUT-MBP101,20.0,0.5
MUT-MDA102,70.0,0.5
MUT-MD117,581.0,0.5
MUT-MD116,175.0,0.5
MUT-MD115,47.0,0.5
MUT-MD112,2.0,0.5
MUT-MD111,1.0,0.5
MUT-MD109,32.0,0.5
MUT-MD108,118.0,0.5
MUT-MD107,160.0,0.5
MUT-MD106,801.0,0.5
MUT-MD105,332.0,0.5
MUT-MD104,12.0,0.5
MUT-MD103,1.0,0.5
MUT-MD102,110.0,0.5
MUT-MC118,93.0,0.5
MUT-MC117,169.0,0.5
MUT-MEA123,2479.0,0.5
MUT-MEA111,200.0,0.5
MUT-MEA110,320.0,0.5
MUT-MEA109,20.0,0.5
MUT-MEA102,26.0,0.5
MUT-MEA101,2.0,0.5
MUT-ME117,10.0,0.5
MUT-ME115,7.0,0.5
MUT-ME112,1.0,0.5
MUT-ME111,6.0,0.5
MUT-ME110,400.0,0.5
MUT-ME109,6.0,0.5
MUT-ME101,50.0,0.5
MUT-MDA111,9.0,0.5
MUT-MDA108,7.0,0.5
MUT-MDA103,18.0,0.5
MUT-MGA112,7.0,0.5
MUT-MGA111,2.0,0.5
MUT-MGA110,4.0,0.5
MUT-MGA109,2.0,0.5
MUT-MGA108,5.0,0.5
MUT-MGA107,5.0,0.5
MUT-MG105,5.0,0.5
MUT-MG104,240.0,0.5
MUT-MG103,68.0,0.5
MUT-MG102,8.0,0.5
MUT-MG101,16.0,0.5
MUT-MF115,10.0,0.5
MUT-MF112,5.0,0.5
MUT-MF110,40.0,0.5
MUT-MF101,30.0,0.5
MUT-MEA126,20.0,0.5
MUT-ML112,36.0,0.5
MUT-ML110,12.0,0.5
MUT-ML108,15.0,0.5
MUT-ML105,71.0,0.5
MUT-MJ109,2.0,0.5
MUT-MJ104,7.0,0.5
MUT-MJ103,1.0,0.5
MUT-MI107,10.0,0.5
MUT-MI106,7.0,0.5
MUT-MI103,58.0,0.5
MUT-MH106,259.0,0.5
MUT-MH105,156.0,0.5
MUT-MH104,144.0,0.5
MUT-MH103,38.0,0.5
MUT-MH102,97.0,0.5
MUT-MH101,235.0,0.5
MUT-MP104,12.0,0.5
MUT-MOA117,4.0,0.5
MUT-MOA113,1.0,0.5
MUT-MOA112,28.0,0.5
MUT-MOA108,8.0,0.5
MUT-MOA104,64.0,0.5
MUT-MOA103,10.0,0.5
MUT-MOA101,11.0,0.5
MUT-MO111,13.0,0.5
MUT-MO107,2.0,0.5
MUT-MN112,1.0,0.5
MUT-MN107,116.0,0.5
MUT-MM112,9.0,0.5
MUT-MM108,15.0,0.5
MUT-MM107,1.0,0.5
MUT-MM101,35.0,0.5
MUT-MPB103,38.0,0.5
MUT-MPB102,2.0,0.5
MUT-MPB101,115.0,0.5
MUT-MPA111,1.0,0.5
MUT-MPA110,38.0,0.5
MUT-MPA109,29.0,0.5
MUT-MPA108,18.0,0.5
MUT-MPA107,14.0,0.5
MUT-MPA106,2.0,0.5
MUT-MPA105,110.0,0.5
MUT-MPA104,27.0,0.5
MUT-MPA103,14.0,0.5
MUT-MPA101,79.0,0.5
MUT-MP109,5.0,0.5
MUT-MP108,32.0,0.5
MUT-MP106,11.0,0.5
MUT-MQ112,10.0,0.5
MUT-MQ111,30.0,0.5
MUT-MQ110,36.0,0.5
MUT-MQ109,10.0,0.5
MUT-MQ108,14.0,0.5
MUT-MQ106,10.0,0.5
MUT-MQ105,6.0,0.5
MUT-MQ102,12.0,0.5
MUT-MQ101,1.0,0.5
MUT-MPE103,5.0,0.5
MUT-MPE102,7.0,0.5
MUT-MPD101,10.0,0.5
MUT-MPC112,5.0,0.5
MUT-MPC111,18.0,0.5
MUT-MPC110,23.0,0.5
MUT-MPC107,15.0,0.5
MUT-MT108,6.0,0.5
MUT-MT106,59.0,0.5
MUT-MT105,9.0,0.5
MUT-MT104,23.0,0.5
MUT-MT102,61.0,0.5
MUT-MT101,359.0,0.5
MUT-MS112,2.0,0.5
MUT-MS109,10.0,0.5
MUT-MS107,29.0,0.5
MUT-MR111,8.0,0.5
MUT-MR110,10.0,0.5
MUT-MR106,12.0,0.5
MUT-MR105,12.0,0.5
MUT-MR104,6.0,0.5
MUT-MR103,6.0,0.5
MUT-MR102,12.0,0.5
MUT-MV107,317.0,0.5
MUT-MV106,134.0,0.5
MUT-MV105,132.0,0.5
MUT-MV104,80.0,0.5
MUT-MV103,46.0,0.5
MUT-MV102,66.0,0.5
MUT-MV101,1.0,0.5
MUT-MU111,32.0,0.5
MUT-MU108,82.0,0.5
MUT-MU107,2.0,0.5
MUT-MU106,34.0,0.5
MUT-MU105,14.0,0.5
MUT-MU103,193.0,0.5
MUT-MU102,12.0,0.5
MUT-MT112,4.0,0.5
MUT-MT110,76.0,0.5
MUT-MX139,1.0,0.5
MUT-MX135,5.0,0.5
MUT-MX134,5.0,0.5
MUT-MX125,7.0,0.5
MUT-MX118,10.0,0.5
MUT-MX114,4.0,0.5
MUT-MX101,12.0,0.5
MUT-MW106,20.0,0.5
MUT-MW105,29.0,0.5
MUT-MW103,20.0,0.5
MUT-MW102,60.0,0.5
MUT-MV112,12.0,0.5
MUT-MV111,25.0,0.5
MUT-MV110,70.0,0.5
MUT-MV109,38.0,0.5
MUT-MV108,26.0,0.5
MUT-SCM TICKETS,16.0,0.5
MUT-RMAS01,4.0,0.5
MUT-RETBIN,51.0,0.5
MUT-RESERVED,13.0,0.5
MUT-RBYO01,52.0,0.5
MUT-RA101,234.0,0.5
MUT-PUT-MON,20.0,0.5
MUT-NEGSTOCK,30.0,0.5
MUT-MZ106,24.0,0.5
MUT-MY109,21.0,0.5
MUT-MY107,15.0,0.5
MUT-MY106,4.0,0.5
MUT-MY103,10.0,0.5
MUT-MX144,6.0,0.5
MUT-MX143,17395.0,0.5
MUT-MX141,196.0,0.5
PDTN-PA008,398.07,0.5
PDTN-PA007,7043.02,0.5
PDTN-Door Frame,1.0,0.5
PDTN-Cornice,38.0,0.5
OZ01L00,6184.0,0.5
OG01L00,260.0,0.5
OC03L00,10.0,0.5
OC01L00,36.0,0.5
OA10L00,21.0,0.5
OA08L00 - Check Stock!,7.0,0.5
Mse-Project Sales,59.0,0.5
MUT-TReturns,547.29,0.5
MUT-TRANSIT2,42.0,0.5
MUT-TINTERS,3.0,0.5
MUT-TFS101,1.0,0.5
MUT-SReturns,4.0,0.5
PMA-GC109,14.0,0.5
PMA-GC108,254.0,0.5
PMA-GC105,80.0,0.5
PMA-GC103,32.0,0.5
PMA-GC101,5.0,0.5
PMA-FLOOR DISPLAY,769.0,0.5
PMA-Dulux02,2453.0,0.5
PMA-DIS-MSE,15.0,0.5
PMA-CStrips,1.0,0.5
PMA-CONFIRMED ORDERS,192.0,0.5
PMA-Bulk Transit,17.0,0.5
PMA-BayE-1,400.0,0.5
PMA-BMB01,13.0,0.5
PDTN-Truss Job A,369.0,0.5
PDTN-TandG 64mm,22.0,0.5
PDTN-PA009,511.11,0.5
PMA-OB108,3940.0,0.5
PMA-OB105,1916.0,0.5
PMA-OB104,235.0,0.5
PMA-OB102,85.0,0.5
PMA-OB101,12.0,0.5
PMA-NEGSTOCK,23417.18,0.5
PMA-Monday Putaway,50.0,0.5
PMA-MSE-EXP,15.0,0.5
PMA-Lighting Display,7.0,0.5
PMA-GC118,603.0,0.5
PMA-GC117,60.0,0.5
PMA-GC115,186.0,0.5
PMA-GC114,41.0,0.5
PMA-GC112,134.0,0.5
PMA-GC111,70.0,0.5
PMA-GC110,102.0,0.5
PMA-SA107,42.0,0.5
PMA-SA106,75.0,0.5
PMA-SA104,12.0,0.5
PMA-RSCM01,72.0,0.5
PMA-RMR01,2799.0,0.5
PMA-RETBIN,3.0,0.5
PMA-RESERVED,3206.0,0.5
PMA-RA102,37735.0,0.5
PMA-RA101,946.0,0.5
PMA-Plumbing Floor01,928.0,0.5
PMA-Plasco01,123.0,0.5
PMA-PPC-RETURNS,510.0,0.5
PMA-OB115,1198.0,0.5
PMA-OB112,129.0,0.5
PMA-OB111,232.0,0.5
PMA-OB109,19.0,0.5
PMA-SC102,540.0,0.5
PMA-SC101,7.0,0.5
PMA-SB112,30.0,0.5
PMA-SB111,9.0,0.5
PMA-SB110,24.0,0.5
PMA-SB109,14.0,0.5
PMA-SB108,58.0,0.5
PMA-SB107,10.0,0.5
PMA-SB106,49.0,0.5
PMA-SB103,97.0,0.5
PMA-SA115,29.0,0.5
PMA-SA114,8.0,0.5
PMA-SA113,117.0,0.5
PMA-SA112,28.0,0.5
PMA-SA109,5.0,0.5
PMA-SA108,18.0,0.5
PMA-SE111,3.0,0.5
PMA-SE110,1.0,0.5
PMA-SE106,21.0,0.5
PMA-SE104,661.0,0.5
PMA-SE103,8.0,0.5
PMA-SE102,137.0,0.5
PMA-SE101,40.0,0.5
PMA-SD110,56.0,0.5
PMA-SD107,216.0,0.5
PMA-SD106,890.0,0.5
PMA-SCM-TICKET,2150.0,0.5
PMA-SC112,37.0,0.5
PMA-SC110,19.0,0.5
PMA-SC108,827.0,0.5
PMA-SC106,60.0,0.5
PMA-SC103,10.0,0.5
PMA-SG102,211.0,0.5
PMA-SG101,11.0,0.5
PMA-SF116,4.0,0.5
PMA-SF115,20.0,0.5
PMA-SF114,2.0,0.5
PMA-SF113,18.0,0.5
PMA-SF112,40.0,0.5
PMA-SF111,20.0,0.5
PMA-SF109,8.0,0.5
PMA-SF108,29.0,0.5
PMA-SF106,194.0,0.5
PMA-SF104,2051.0,0.5
PMA-SF103,617.0,0.5
PMA-SF102,12.0,0.5
PMA-SF101,534.0,0.5
PMA-SE112,15.0,0.5
PMA-SI105,8.0,0.5
PMA-SI104,11.0,0.5
PMA-SI102,3.0,0.5
PMA-SH108,9.0,0.5
PMA-SH106,55.0,0.5
PMA-SH104,23.0,0.5
PMA-SH102,32.0,0.5
PMA-SH101,1.0,0.5
PMA-SG1801,30.0,0.5
PMA-SG1601,6.0,0.5
PMA-SG112,350.0,0.5
PMA-SG108,731.0,0.5
PMA-SG107,23.0,0.5
PMA-SG106,200.0,0.5
PMA-SG105,394.0,0.5
PMA-SG104,594.0,0.5
PMA-SL102,73.0,0.5
PMA-SL101,8.0,0.5
PMA-SK108,123.0,0.5
PMA-SK106,70.0,0.5
PMA-SK105,10.0,0.5
PMA-SK104,13.0,0.5
PMA-SK103,1.0,0.5
PMA-SK102,20.0,0.5
PMA-SK101,1.0,0.5
PMA-SJ2201,2922.0,0.5
PMA-SJ2101,138.0,0.5
PMA-SJ108,34.0,0.5
PMA-SJ104,11.0,0.5
PMA-SJ102,6.0,0.5
PMA-SJ101,6.0,0.5
PMA-SI106,242.0,0.5
PMA-SN116,98.0,0.5
PMA-SN114,6.0,0.5
PMA-SN111,10.0,0.5
PMA-SN110,5.0,0.5
PMA-SN108,734.0,0.5
PMA-SN106,9.0,0.5
PMA-SN105,10.0,0.5
PMA-SN104,178.0,0.5
PMA-SN102,10.0,0.5
PMA-SM108,72.0,0.5
PMA-SM106,97.0,0.5
PMA-SM104,145.0,0.5
PMA-SM102,11.0,0.5
PMA-SL108,34.0,0.5
PMA-SL106,1442.0,0.5
PMA-SL104,3.0,0.5
PMA-SReturns,290.0,0.5
PMA-SO701,1773.0,0.5
PMA-SO501,1719.0,0.5
PMA-SO201,3740.0,0.5
PMA-SO101,1740.0,0.5
PMA-SN135,37.0,0.5
PMA-SN133,18.0,0.5
PMA-SN130,11901.0,0.5
PMA-SN128,46.0,0.5
PMA-SN127,11.0,0.5
PMA-SN125,9.0,0.5
PMA-SN122,61.0,0.5
PMA-SN121,1.0,0.5
PMA-SN120,96.0,0.5
PMA-SN118,8312.0,0.5
PMA-SN117,60.0,0.5
PMA-SZ404,3.0,0.5
PMA-SZ402,5.0,0.5
PMA-SZ401,242.0,0.5
PMA-SZ305,39.0,0.5
PMA-SZ304,26773.0,0.5
PMA-SZ302,6.0,0.5
PMA-SZ301,49.0,0.5
PMA-SZ105,8.0,0.5
PMA-SY409,49.0,0.5
PMA-SY406,2.0,0.5
PMA-SY405,5.0,0.5
PMA-SY404,218.0,0.5
PMA-SY403,2278.0,0.5
PMA-SY402,5342.0,0.5
PMA-SY401,136.0,0.5
PMA-SY301,109.64,0.5
QB-04-01-00,24.0,0.5
QB-03-03-10,48.0,0.5
QB-03-02-10,158.0,0.5
QB-03-02-05,283.0,0.5
QB-03-02-00,4.0,0.5
QB-03-01-05,4452.0,0.5
QB-02-01-10,8.0,0.5
QB-01-04-05,24.0,0.5
QB-01-03-10,12.0,0.5
QB-01-03-00,10.0,0.5
QB-01-02-10,2.0,0.5
QB-01-01-10,10.0,0.5
QB-01-01-00,41.0,0.5
PMA-Wednesday Putaway,10947.0,0.5
PMA-Tuesday Putaway,28216.0,0.5
PMA-TFS101,15.0,0.5
QC-06-01-00,193.0,0.5
QC-04-04-00,78.0,0.5
QC-04-03-00,13.0,0.5
QB-09-04-15,85.0,0.5
QB-08-03-10,39.0,0.5
QB-08-03-05,30.0,0.5
QB-08-02-10,54.0,0.5
QB-06-04-10,41.0,0.5
QB-06-03-10,295.0,0.5
QB-06-02-10,290.0,0.5
QB-06-01-10,231.0,0.5
QB-04-04-10,589.0,0.5
QB-04-04-05,219.0,0.5
QB-04-03-10,256.0,0.5
QB-04-03-00,2.0,0.5
QB-04-02-00,1295.0,0.5
SCM-DIS-BYO,24696.0,0.5
SCM-DEW-EXP,8219.0,0.5
SCM-Clearance,121945.5,0.5
SCM-BYO-EXP,25091.0,0.5
SCM-BPACK101,27.0,0.5
SCM-BPACK,100.0,0.5
RLOCSCM9,120.0,0.5
RLOCSCM7,1382.0,0.5
RLOCSCM4,134981.0,0.5
RLOCSCM2,6752.0,0.5
RIMP09,34079.0,0.5
RIMP02,43945.0,0.5
RETBIN,2395.0,0.5
QC-06-04-00,265.0,0.5
QC-06-03-00,145.0,0.5
QC-06-02-00,140.0,0.5
SCM-MAR-EXP,10682.0,0.5
SCM-KWE-EXP,25654.0,0.5
SCM-INS01,813141.08,0.5
SCM-GWE-EXP,15226.0,0.5
SCM-DIS-WRK,15959.0,0.5
SCM-DIS-VIC,6578.0,0.5
SCM-DIS-TBC,3445.0,0.5
SCM-DIS-SMZ,14076.0,0.5
SCM-DIS-PMA,11752.0,0.5
SCM-DIS-MUT,17110.0,0.5
SCM-DIS-MSE,9262.0,0.5
SCM-DIS-MAS,10676.0,0.5
SCM-DIS-MAR,3239.0,0.5
SCM-DIS-KWE,15315.0,0.5
SCM-DIS-GWE,3479.0,0.5
SCM-DIS-DEW,3512.0,0.5
SCM-PAC-WRK,19883.0,0.5
SCM-PAC-VIC,2318.0,0.5
SCM-PAC-TBC,3597.0,0.5
SCM-PAC-SMZ,14774.0,0.5
SCM-PAC-PMA,8853.0,0.5
SCM-PAC-MUT,11395.0,0.5
SCM-PAC-MSE,5305.0,0.5
SCM-PAC-MAS,9556.0,0.5
SCM-PAC-MAR,11310.0,0.5
SCM-PAC-KWE,2802.0,0.5
SCM-PAC-GWE,4819.0,0.5
SCM-PAC-DEW,10526.0,0.5
SCM-PAC-BYO,29309.0,0.5
SCM-MUT-EXP,22789.0,0.5
SCM-MSE-EXP,7039.0,0.5
SCM-MAS-EXP,1870.0,0.5
SCM-RPMA01,35.0,0.5
SCM-RMUT01,229.0,0.5
SCM-RMSE01,3.0,0.5
SCM-RMAS01,320.0,0.5
SCM-RKWE01,298.0,0.5
SCM-RDEW01,43.0,0.5
SCM-QTLOC04,191444.64,0.5
SCM-QTIMP03,365576.0,0.5
SCM-QTIMP02,11931.0,0.5
SCM-QTIMP01,65359.0,0.5
SCM-QTADJ,62.0,0.5
SCM-QT-OUT,1270.0,0.5
SCM-QT QUERIES,190.0,0.5
SCM-Put Away,434479.0,0.5
SCM-Pak,11175.0,0.5
SCM-PMA-EXP,12864.0,0.5
SMZ-Dum-3,200.0,0.5
SMZ-DIS-WRK,18.0,0.5
SMZ-BD305,1.0,0.5
SMZ-BC204,1.0,0.5
SMZ-BC203,1.0,0.5
SMZ-BC202,5.0,0.5
SMZ-BC201,25.0,0.5
SMZ-BC104,1.0,0.5
SCM-WRK-EXP,14472.0,0.5
SCM-VIC-EXP,21540.0,0.5
SCM-TBC-EXP,3499.0,0.5
SCM-SMZ-EXP,8812.0,0.5
SCM-SCM-PMA,39.0,0.5
SCM-SCM-MSE,16792.0,0.5
SCM-SCM-KWE,1440.0,0.5
SCM-RWRK01,9.0,0.5
SMZ-RA105,5571.0,0.5
SMZ-RA104,2870.0,0.5
SMZ-RA103,10487.0,0.5
SMZ-RA102,1004.0,0.5
SMZ-PUT-TUE,13985.0,0.5
SMZ-PUT-THUR,101.0,0.5
SMZ-OS005,5.0,0.5
SMZ-OS004,1900.0,0.5
SMZ-OS003,73.0,0.5
SMZ-OS002,9.0,0.5
SMZ-OS001,1683.0,0.5
SMZ-NEGSTOCK,104.0,0.5
SMZ-GC021,200.0,0.5
SMZ-GC018,1.0,0.5
SMZ-GC015,1.0,0.5
SMZ-GC012,11.0,0.5
SMZ-SE004,3.0,0.5
SMZ-SCM-TICKETS,4.0,0.5
SMZ-SC005,10.0,0.5
SMZ-SC004,199.0,0.5
SMZ-SC002,5.0,0.5
SMZ-SC001,395.0,0.5
SMZ-SB008,20.0,0.5
SMZ-SB007,65.0,0.5
SMZ-SB006,123.0,0.5
SMZ-SB004,9.0,0.5
SMZ-SB003,275.0,0.5
SMZ-SB001,9050.0,0.5
SMZ-SA001,107.0,0.5
SMZ-RWRK01,10.0,0.5
SMZ-RMSE01,11.0,0.5
SMZ-RESERVED STOCK,280.0,0.5
SMZ-SF008,6.0,0.5
SMZ-SF003,7.0,0.5
SMZ-SF002,30.0,0.5
SMZ-SE024,12.0,0.5
SMZ-SE023,2.0,0.5
SMZ-SE022,35.0,0.5
SMZ-SE020,87.0,0.5
SMZ-SE018,10.0,0.5
SMZ-SE016,21.0,0.5
SMZ-SE015,8.0,0.5
SMZ-SE014,47.0,0.5
SMZ-SE013,13.0,0.5
SMZ-SE012,8.0,0.5
SMZ-SE009,32.0,0.5
SMZ-SE006,5.0,0.5
SMZ-SE005,5.0,0.5
SMZ-SG019,45.0,0.5
SMZ-SG018,5.0,0.5
SMZ-SG017,25.0,0.5
SMZ-SG016,82.0,0.5
SMZ-SG015,30.0,0.5
SMZ-SG014,110.0,0.5
SMZ-SG011,1.0,0.5
SMZ-SG010,4.0,0.5
SMZ-SG009,15.0,0.5
SMZ-SG003,17.0,0.5
SMZ-SF026,4.0,0.5
SMZ-SF018,10.0,0.5
SMZ-SF017,9.0,0.5
SMZ-SF014,18.0,0.5
SMZ-SF011,24.0,0.5
SMZ-SF009,39.0,0.5
SMZ-SH025,1.0,0.5
SMZ-SH018,10.0,0.5
SMZ-SH017,25.0,0.5
SMZ-SH016,40.0,0.5
SMZ-SH011,6.0,0.5
SMZ-SH010,18.0,0.5
SMZ-SH009,18.0,0.5
SMZ-SH008,37.0,0.5
SMZ-SH007,15.0,0.5
SMZ-SH006,10.0,0.5
SMZ-SH005,30.0,0.5
SMZ-SH004,40.0,0.5
SMZ-SH003,104.0,0.5
SMZ-SH002,40.0,0.5
SMZ-SG025,72.0,0.5
SMZ-SG024,10.0,0.5
SMZ-SL002,28.0,0.5
SMZ-SK031,1.0,0.5
SMZ-SK030,10.0,0.5
SMZ-SK027,5.0,0.5
SMZ-SK023,1.0,0.5
SMZ-SK022,2.0,0.5
SMZ-SK021,2.0,0.5
SMZ-SK019,10.0,0.5
SMZ-SK015,10.0,0.5
SMZ-SK010,12.0,0.5
SMZ-SK006,15.0,0.5
SMZ-SK002,121.0,0.5
SMZ-SJ006,1.0,0.5
SMZ-SI021,36.0,0.5
SMZ-SI014,24.0,0.5
SMZ-SI013,1.0,0.5
SMZ-SN003,143.0,0.5
SMZ-SN002,14.0,0.5
SMZ-SM019,20.0,0.5
SMZ-SM018,10.0,0.5
SMZ-SM011,8.0,0.5
SMZ-SM010,112.0,0.5
SMZ-SM009,1.0,0.5
SMZ-SM008,1.0,0.5
SMZ-SM005,1.0,0.5
SMZ-SM003,144.0,0.5
SMZ-SL026,1.0,0.5
SMZ-SL019,1.0,0.5
SMZ-SL012,2.0,0.5
SMZ-SL010,25.0,0.5
SMZ-SL006,12.0,0.5
SMZ-SL003,5.0,0.5
SMZ-SReturns,126.0,0.5
SMZ-SQ020,10.0,0.5
SMZ-SQ017,2.0,0.5
SMZ-SQ014,778.0,0.5
SMZ-SQ013,210.0,0.5
SMZ-SQ011,10.0,0.5
SMZ-SQ009,140.0,0.5
SMZ-SQ008,44.0,0.5
SMZ-SQ006,12324.0,0.5
SMZ-SQ005,40.0,0.5
SMZ-SQ004,209.0,0.5
SMZ-SQ003,71.0,0.5
SMZ-SO004,1.0,0.5
SMZ-SO001,30.0,0.5
SMZ-SN006,153.0,0.5
SMZ-SN005,79.0,0.5
TMB-BA01L20,163.0,0.5
TMB-AA01L00,80.0,0.5
TI01L00,54.0,0.5
TE01L00,2.0,0.5
TBC-WRK-EXP,4.0,0.5
TBC-SMZ-EXP,11.0,0.5
TBC-PMA-EXP,853.0,0.5
TBAC-BPACK - Available,48.0,0.5
TB13L00,9.0,0.5
SMZ-WRK-EXP,18.0,0.5
SMZ-TS005,374.0,0.5
SMZ-TS003,4.0,0.5
SMZ-TS002,83.0,0.5
SMZ-TS001,2275.0,0.5
SMZ-TFS101,25.0,0.5
SMZ-SS001,432.0,0.5
TMB-GA05L00,188.0,0.5
TMB-GA04L20,120.0,0.5
TMB-GA03L20,120.0,0.5
TMB-FB03L20,362.0,0.5
TMB-FB02L20,14.0,0.5
TMB-FA03L00,9.0,0.5
TMB-EB08L00,87.0,0.5
TMB-EB06L00,420.0,0.5
TMB-EB01L00,106.0,0.5
TMB-EA04L00,0.26,0.5
TMB-CB08L20,165.0,0.5
TMB-CB03L00,128.0,0.5
TMB-BB02L10,8.0,0.5
TMB-BB01L10,176.0,0.5
TMB-BB01L00,104.0,0.5
TMB-BA06L20,1051.0,0.5
TMB-MB005,495.0,0.5
TMB-MB002,60.0,0.5
TMB-MA008,4749.0,0.5
TMB-MA007,705.0,0.5
TMB-MA006,591.0,0.5
TMB-MA005,45.0,0.5
TMB-MA003,640.0,0.5
TMB-MA002,450.0,0.5
TMB-MA001,340.0,0.5
TMB-JB006,4174.0,0.5
TMB-JB001,3500.0,0.5
TMB-IA001,500.0,0.5
TMB-HDPE,9700.0,0.5
TMB-HB04L10,2.0,0.5
TMB-HA01L00,540.0,0.5
TMB-GA05L10,116.0,0.5
VIC-DIS-GWE,9.0,0.5
VIC-DIS-BYO,5.0,0.5
VIC-BYO-EXP,12.0,0.5
VIC-BD117,20.0,0.5
VIC-BD103,157.0,0.5
VIC-BD102,10.0,0.5
VIC-BD101,50.0,0.5
VIC-BB102,102.0,0.5
VIC-BA122,10.0,0.5
VIC-BA120,127.0,0.5
VIC-BA119,100.0,0.5
VIC-BA105,4.0,0.5
UN02R10,14.0,0.5
UN01L00,10.0,0.5
TMB-RA101,37886.0,0.5
TMB-MB007,879.0,0.5
VIC-GS120,1.0,0.5
VIC-GS117,16.0,0.5
VIC-GS115,30.0,0.5
VIC-GS113,75.0,0.5
VIC-GS111,4.0,0.5
VIC-GS110,19.0,0.5
VIC-GS107,164.0,0.5
VIC-GS104,6.0,0.5
VIC-GS103,6.0,0.5
VIC-GS101,2.0,0.5
VIC-Dum-6,30.0,0.5
VIC-Dum-5,690.0,0.5
VIC-Dum-4,24.0,0.5
VIC-Dum-2,33.0,0.5
VIC-Dum-1,38.0,0.5
VIC-DISP,6.0,0.5
VIC-RA103,26.0,0.5
VIC-RA101,95.0,0.5
VIC-PUT-TUE,3015.0,0.5
VIC-PUT-MON,66.0,0.5
VIC-OS112,100.0,0.5
VIC-OS110,1.0,0.5
VIC-OS109,10.0,0.5
VIC-OS104,131.0,0.5
VIC-NEGSTOCK,601.0,0.5
VIC-INTERNAL QUERIES,95.0,0.5
VIC-GWE-EXP,9.0,0.5
VIC-GS137,2.0,0.5
VIC-GS132,6.0,0.5
VIC-GS129,10.0,0.5
VIC-GS128,10.0,0.5
VIC-GS126,5.0,0.5
VIC-SC111,6.0,0.5
VIC-SC110,2.0,0.5
VIC-SC103,3.0,0.5
VIC-SB101,147.0,0.5
VIC-SA118,98.0,0.5
VIC-SA116,12.0,0.5
VIC-SA115,7.0,0.5
VIC-SA112,10.0,0.5
VIC-SA109,3.0,0.5
VIC-SA107,9.0,0.5
VIC-SA106,1.0,0.5
VIC-SA104,52.0,0.5
VIC-RTLM01,292.8,0.5
VIC-RSCM01,8.0,0.5
VIC-RETBIN,5.0,0.5
VIC-RBYO01,9500.0,0.5
VIC-SE111,3.0,0.5
VIC-SE103,3.0,0.5
VIC-SE102,2.0,0.5
VIC-SD121,1.0,0.5
VIC-SD120,69.0,0.5
VIC-SD118,6.0,0.5
VIC-SD116,44.0,0.5
VIC-SD115,26.0,0.5
VIC-SD113,6.0,0.5
VIC-SD112,5.0,0.5
VIC-SD111,1.0,0.5
VIC-SD107,18.0,0.5
VIC-SD102,10.0,0.5
VIC-SCM-GIT3,3.0,0.5
VIC-SC118,6.0,0.5
VIC-SC112,4.0,0.5
VIC-SI004,20.0,0.5
VIC-SI003,25.0,0.5
VIC-SI001,78.0,0.5
VIC-SH119,4.0,0.5
VIC-SH112,25.0,0.5
VIC-SH110,69.0,0.5
VIC-SH109,20.0,0.5
VIC-SG107,2.0,0.5
VIC-SG106,1.0,0.5
VIC-SG104,4.0,0.5
VIC-SG103,17.0,0.5
VIC-SG101,53.0,0.5
VIC-SF122,60.0,0.5
VIC-SF119,14.0,0.5
VIC-SF116,56.0,0.5
VIC-SE120,2.0,0.5
VIC-SL103,29.0,0.5
VIC-SL101,12.0,0.5
VIC-SK010,1.0,0.5
VIC-SK009,1.0,0.5
VIC-SK007,2.0,0.5
VIC-SK005,1.0,0.5
VIC-SK004,1.0,0.5
VIC-SJ012,23.0,0.5
VIC-SJ011,6.0,0.5
VIC-SJ010,6.0,0.5
VIC-SJ003,10.0,0.5
VIC-SJ002,5.0,0.5
VIC-SI013,549.0,0.5
VIC-SI011,1.0,0.5
VIC-SI009,100.0,0.5
VIC-SI005,8.0,0.5
VIC-SO103,14.0,0.5
VIC-SO102,17.0,0.5
VIC-SO101,3.0,0.5
VIC-SN104,54.0,0.5
VIC-SN103,1090.0,0.5
VIC-SN101,360.0,0.5
VIC-SM108,5.0,0.5
VIC-SM107,15.0,0.5
VIC-SM105,1.0,0.5
VIC-SM103,44.0,0.5
VIC-SM102,1.0,0.5
VIC-SL129,63.0,0.5
VIC-SL128,140.0,0.5
VIC-SL127,36.0,0.5
VIC-SL126,43.0,0.5
VIC-SL113,1.0,0.5
VIC-SQ101,1.0,0.5
VIC-SP115,26.0,0.5
VIC-SP114,11.0,0.5
VIC-SP113,10.0,0.5
VIC-SP112,9.0,0.5
VIC-SP110,1.0,0.5
VIC-SP108,30.0,0.5
VIC-SP106,310.0,0.5
VIC-SP105,6.0,0.5
VIC-SP104,6.0,0.5
VIC-SP103,1.0,0.5
VIC-SP102,152.0,0.5
VIC-SP101,44.0,0.5
VIC-SO110,20.0,0.5
VIC-SO106,184.0,0.5
VIC-SO105,19.0,0.5
WRK-DIS-PMA,9.0,0.5
WRK-DIS-MSE,52.0,0.5
WRK-BA101,3.0,0.5
VIC-TSA110,52.0,0.5
VIC-TSA109,3.0,0.5
VIC-TSA101,1.0,0.5
VIC-TS108,189.2,0.5
VIC-TS104,64.0,0.5
VIC-TS103,19.0,0.5
VIC-TS102,10.0,0.5
VIC-TRANSIT3,218.0,0.5
VIC-TRANSIT2,126.0,0.5
VIC-TFS101,14.0,0.5
VIC-SupReturns,29.0,0.5
VIC-SReturns,185.0,0.5
VIC-SQ104,1.0,0.5
WRK-RSMZ01,10.0,0.5
WRK-RSCM01,181.0,0.5
WRK-RMSE01,18.0,0.5
WRK-RETBIN,3.0,0.5
WRK-RBYO01,280.0,0.5
WRK-RA101,67201.0,0.5
WRK-QUERY,1179.0,0.5
WRK-PMA-EXP,9.0,0.5
WRK-PB101,5921.0,0.5
WRK-OD101,371.0,0.5
WRK-OB106,20.0,0.5
WRK-OB102,4.0,0.5
WRK-OB101,309.0,0.5
WRK-NEGSTOCK,107.0,0.5
WRK-MSE-EXP,52.0,0.5
WRK-DIS-SMZ,115.0,0.5
WRK-SH102,51.0,0.5
WRK-SG104,605.0,0.5
WRK-SG103,2.0,0.5
WRK-SG102,349.0,0.5
WRK-SG101,48.0,0.5
WRK-SF104,32.0,0.5
WRK-SF102,19.0,0.5
WRK-SE104,161.0,0.5
WRK-SE102,132.0,0.5
WRK-SD104,55.0,0.5
WRK-SD102,325.0,0.5
WRK-SCM TICKETS,12.0,0.5
WRK-SC104,46.0,0.5
WRK-SC102,1.0,0.5
WRK-SB104,30.0,0.5
WRK-SB102,27.0,0.5
WRK-SO104,40.0,0.5
WRK-SO102,9.0,0.5
WRK-SO101,1.0,0.5
WRK-SN124,5089.0,0.5
WRK-SN118,20.0,0.5
WRK-SN116,1170.0,0.5
WRK-SN112,77.0,0.5
WRK-SN111,64277.0,0.5
WRK-SN101,87.0,0.5
WRK-SMZ-EXP,115.0,0.5
WRK-SM110,9.0,0.5
WRK-SM104,4.0,0.5
WRK-SL104,19.0,0.5
WRK-SJ102,7.0,0.5
WRK-SI102,56.0,0.5
WRK-SH104,87.0,0.5
WRK-SS101,278.0,0.5
WRK-SReturns,89.0,0.5
WRK-SQ102,328.0,0.5
WRK-SQ101,181.0,0.5
WRK-SP103,402.0,0.5
WRK-SP102,33.0,0.5
WRK-SO128,30.0,0.5
WRK-SO124,2726.0,0.5
WRK-SO122,10.0,0.5
WRK-SO120,107.0,0.5
WRK-SO118,134.0,0.5
WRK-SO116,1.0,0.5
WRK-SO114,434.0,0.5
WRK-SO112,37.0,0.5
WRK-SO108,46.0,0.5
WRK-SO106,1.0,0.5
BFR-DIS-PMA,10.0,0.5
WV-NEGSTOCK,2153.1,0.5
WRK-Wednesday Putaway,11150.0,0.5
WRK-Tuesday Putaway,34373.0,0.5
WRK-TFS101,214.0,0.5
WRK-SZ115,46.0,0.5
WRK-SZ113,10.0,0.5
WRK-SZ105,73.0,0.5
WRK-SZ103,10.0,0.5
WRK-SZ101,10.0,0.5
WRK-SX106,21.0,0.5
WRK-SX105,7.0,0.5
WRK-SX104,60.0,0.5
WRK-SX103,3.0,0.5
WRK-SX102,33.0,0.5
WRK-SX101,835.0,0.5
BG07L00,20.0,0.5
BG05R10,110.0,0.5
BG05R00,60.0,0.5
BG05L15,12.0,0.5
BG05L10,50.0,0.5
BFR-PAC-WRK,22709.0,0.5
BFR-PAC-VIC,6540.0,0.5
BFR-PAC-SMZ,14087.0,0.5
BFR-PAC-PMA,13848.0,0.5
BFR-PAC-MUT,13504.0,0.5
BFR-PAC-MSE,5509.0,0.5
BFR-PAC-MAS,10983.0,0.5
BFR-PAC-MAR,9245.0,0.5
BFR-PAC-KWE,19204.0,0.5
BFR-PAC-GWE,5166.0,0.5
BFR-PAC-BYO,31753.0,0.5
